City_ID,City,Lat,Lng,Current Description,Max Temp,Humidity,Cloudiness,Wind Speed,Country,Date
0,Arraial Do Cabo,-22.9661,-42.0278,scattered clouds,77.0,73,40,28.77,BR,2021-04-20 13:14:27
1,Ordzhonikidze,52.4411,61.7408,clear sky,42.19,30,0,9.22,KZ,2021-04-20 13:14:27
2,Kapaa,22.0752,-159.319,clear sky,69.8,94,1,5.75,US,2021-04-20 13:14:28
3,Punta Arenas,-53.15,-70.9167,few clouds,42.8,75,20,13.8,CL,2021-04-20 13:14:28
4,Zhanaozen,43.3,52.8,overcast clouds,80.56,21,100,10.76,KZ,2021-04-20 13:14:28
5,Vaini,-21.2,-175.2,scattered clouds,73.4,88,40,3.44,TO,2021-04-20 13:14:29
6,San Cristobal,7.7669,-72.225,few clouds,87.8,33,20,23.02,VE,2021-04-20 13:14:29
7,Fortuna,40.5982,-124.1573,overcast clouds,50.0,100,90,14.97,US,2021-04-20 13:12:51
8,Santa Comba,43.0331,-8.8093,scattered clouds,61.0,63,39,8.99,ES,2021-04-20 13:14:29
9,Ciudad Bolivar,8.1222,-63.5497,few clouds,82.22,56,17,13.47,VE,2021-04-20 13:14:29
10,Filadelfia,39.9523,-75.1638,broken clouds,60.01,71,75,9.22,US,2021-04-20 13:14:30
11,Saint-Pierre,-21.3393,55.4781,heavy intensity rain,75.2,94,75,11.5,RE,2021-04-20 13:14:30
12,Rikitea,-23.1203,-134.9692,few clouds,77.47,67,21,7.16,PF,2021-04-20 13:14:30
13,Port Alfred,-33.5906,26.891,overcast clouds,71.64,67,99,23.78,ZA,2021-04-20 13:14:31
14,Ribeira Grande,38.5167,-28.7,scattered clouds,66.2,88,40,18.41,PT,2021-04-20 13:14:31
15,Plavinas,56.6178,25.7255,overcast clouds,55.09,40,100,5.44,LV,2021-04-20 13:14:31
16,Ushuaia,-54.8,-68.3,broken clouds,42.8,81,75,20.71,AR,2021-04-20 13:14:31
17,Byron Bay,-28.65,153.6167,clear sky,61.0,88,0,8.16,AU,2021-04-20 13:14:32
18,Lorengau,-2.0226,147.2712,overcast clouds,81.27,78,100,8.46,PG,2021-04-20 13:14:32
19,Carnarvon,-24.8667,113.6333,clear sky,73.4,73,0,14.97,AU,2021-04-20 13:11:06
20,Matara,5.9485,80.5353,scattered clouds,81.63,78,37,10.38,LK,2021-04-20 13:14:32
21,Qaanaaq,77.484,-69.3632,clear sky,-0.69,70,8,7.25,GL,2021-04-20 13:14:33
22,Tuktoyaktuk,69.4541,-133.0374,overcast clouds,24.08,88,100,21.9,CA,2021-04-20 13:14:33
23,Mataura,-46.1927,168.8643,few clouds,51.01,80,22,3.0,NZ,2021-04-20 13:14:33
24,Berdigestyakh,62.0989,126.6992,overcast clouds,7.32,95,100,2.86,RU,2021-04-20 13:14:33
25,Busselton,-33.65,115.3333,clear sky,55.0,87,8,12.26,AU,2021-04-20 13:14:34
26,General Roca,-39.0333,-67.5833,overcast clouds,69.01,74,98,11.72,AR,2021-04-20 13:14:34
27,Black River,18.0264,-77.8487,few clouds,79.0,69,20,4.61,JM,2021-04-20 13:14:34
28,Inhambane,-23.865,35.3833,broken clouds,77.0,73,75,8.05,MZ,2021-04-20 13:14:35
29,Cherskiy,68.75,161.3,broken clouds,29.1,72,65,14.27,RU,2021-04-20 13:14:35
30,Ayan,56.45,138.1667,overcast clouds,29.95,77,100,9.17,RU,2021-04-20 13:14:35
31,Kluczbork,50.9728,18.2182,light rain,62.01,74,100,5.99,PL,2021-04-20 13:14:36
32,Lamu,-2.2717,40.902,overcast clouds,84.02,72,97,16.89,KE,2021-04-20 13:14:36
33,Lhokseumawe,5.1801,97.1507,overcast clouds,81.09,79,99,4.5,ID,2021-04-20 13:14:36
34,Chicama,-7.8447,-79.1469,mist,64.4,94,20,5.75,PE,2021-04-20 13:14:36
35,Bandarbeyla,9.4942,50.8122,overcast clouds,84.31,72,100,12.26,SO,2021-04-20 13:14:37
36,Marienburg,54.0359,19.0266,scattered clouds,62.01,58,25,7.65,PL,2021-04-20 13:14:37
37,Altamont,42.2068,-121.7372,broken clouds,45.0,57,75,3.44,US,2021-04-20 13:14:37
38,Los Llanos De Aridane,28.6585,-17.9182,scattered clouds,75.2,60,40,13.8,ES,2021-04-20 13:14:38
39,Bria,6.5423,21.9863,moderate rain,78.64,73,96,6.93,CF,2021-04-20 13:14:38
40,Cape Town,-33.9258,18.4232,clear sky,80.01,46,0,10.36,ZA,2021-04-20 13:11:02
41,Tasiilaq,65.6145,-37.6368,broken clouds,30.2,69,75,3.44,GL,2021-04-20 13:14:38
42,Ullapool,57.8987,-5.1604,overcast clouds,46.0,69,100,5.99,GB,2021-04-20 13:14:39
43,Ponta Do Sol,32.6667,-17.1,few clouds,68.0,66,19,8.99,PT,2021-04-20 13:14:39
44,Andenes,69.3143,16.1194,clear sky,53.6,50,0,16.11,NO,2021-04-20 13:14:39
45,Bredasdorp,-34.5322,20.0403,clear sky,68.0,60,0,17.27,ZA,2021-04-20 13:14:40
46,Piacabucu,-10.4056,-36.4344,broken clouds,83.39,69,73,7.45,BR,2021-04-20 13:14:40
47,Husavik,66.0449,-17.3389,few clouds,39.2,45,20,10.36,IS,2021-04-20 13:14:40
48,Madinat Sittah Uktubar,29.8167,31.05,clear sky,84.2,30,0,18.41,EG,2021-04-20 13:14:40
49,Saskylakh,71.9167,114.0833,scattered clouds,-10.7,100,25,0.92,RU,2021-04-20 13:14:41
50,Kruisfontein,-34.0033,24.7314,light rain,73.0,64,96,5.99,ZA,2021-04-20 13:14:41
51,Katherine,-14.4667,132.2667,overcast clouds,77.0,65,94,3.44,AU,2021-04-20 13:14:41
52,Dingle,10.9995,122.6711,overcast clouds,78.58,78,100,10.27,PH,2021-04-20 13:14:42
53,Inta,66.0317,60.1659,overcast clouds,36.34,93,97,10.78,RU,2021-04-20 13:14:42
54,Bad Tolz,47.7611,11.5589,broken clouds,55.0,71,65,3.0,DE,2021-04-20 13:14:42
55,Avera,33.194,-82.5271,clear sky,59.0,88,1,3.44,US,2021-04-20 13:14:42
56,Hilo,19.7297,-155.09,overcast clouds,71.6,73,90,5.75,US,2021-04-20 13:14:43
57,Chokurdakh,70.6333,147.9167,overcast clouds,22.26,96,100,3.4,RU,2021-04-20 13:14:43
58,Kargil,34.5667,76.1,overcast clouds,38.52,35,100,5.44,IN,2021-04-20 13:14:43
59,Padang,-0.9492,100.3543,scattered clouds,80.6,83,40,1.14,ID,2021-04-20 13:14:44
60,Jamestown,42.097,-79.2353,overcast clouds,37.99,80,90,10.36,US,2021-04-20 13:14:44
61,Bubaque,11.2833,-15.8333,few clouds,79.95,53,22,5.75,GW,2021-04-20 13:14:44
62,Rakitnoye,50.8389,35.8515,light rain,48.2,93,75,15.66,RU,2021-04-20 13:14:44
63,Dakar,14.6937,-17.4441,clear sky,75.2,73,0,13.8,SN,2021-04-20 13:14:45
64,Geraldton,-28.7667,114.6,clear sky,69.8,73,0,13.8,AU,2021-04-20 13:14:45
65,Moshi,-3.35,37.3333,light rain,78.8,61,75,5.75,TZ,2021-04-20 13:14:45
66,Saint Anthony,45.0205,-93.218,overcast clouds,34.0,47,90,4.61,US,2021-04-20 13:14:46
67,Shu,43.5983,73.7614,overcast clouds,61.52,57,100,9.31,KZ,2021-04-20 13:14:46
68,Mar Del Plata,-38.0023,-57.5575,clear sky,68.0,82,0,10.36,AR,2021-04-20 13:14:46
69,Cabo San Lucas,22.8909,-109.9124,clear sky,68.0,30,1,9.22,MX,2021-04-20 13:11:22
70,Castro,-24.7911,-50.0119,overcast clouds,61.0,76,97,6.51,BR,2021-04-20 13:14:47
71,Alyangula,-13.8483,136.4192,overcast clouds,78.8,94,100,11.34,AU,2021-04-20 13:14:47
72,Sanok,49.5557,22.2056,broken clouds,54.0,100,69,5.99,PL,2021-04-20 13:14:47
73,Namtsy,62.7161,129.6658,clear sky,12.2,62,0,4.47,RU,2021-04-20 13:14:48
74,Hobart,-42.8794,147.3294,few clouds,41.0,87,17,9.22,AU,2021-04-20 13:09:51
75,Tautira,-17.7333,-149.15,light rain,78.01,78,20,4.61,PF,2021-04-20 13:14:48
76,Tura,25.5198,90.2201,clear sky,78.06,45,0,3.69,IN,2021-04-20 13:14:48
77,Port Elizabeth,-33.918,25.5701,clear sky,66.2,82,0,17.27,ZA,2021-04-20 13:14:48
78,Albany,42.6001,-73.9662,overcast clouds,54.0,58,98,8.19,US,2021-04-20 13:14:49
79,Baraboo,43.4711,-89.7443,overcast clouds,35.01,74,90,4.38,US,2021-04-20 13:14:49
80,Sorland,67.667,12.6934,clear sky,50.0,66,0,17.27,NO,2021-04-20 13:14:49
81,Bambous Virieux,-20.3428,57.7575,light rain,82.4,78,75,3.44,MU,2021-04-20 13:14:50
82,Saint-Augustin,51.226,-58.6502,overcast clouds,40.3,61,100,15.46,CA,2021-04-20 13:14:50
83,Bengkulu,-3.8004,102.2655,moderate rain,79.16,81,100,3.4,ID,2021-04-20 13:12:04
84,Thompson,55.7435,-97.8558,light snow,17.6,86,90,5.75,CA,2021-04-20 13:14:50
85,Ishigaki,24.3448,124.1572,few clouds,71.98,73,12,20.47,JP,2021-04-20 13:14:51
86,Upernavik,72.7868,-56.1549,overcast clouds,11.35,62,100,4.12,GL,2021-04-20 13:14:51
87,Tongzi,28.7829,105.0877,light rain,64.27,82,100,3.38,CN,2021-04-20 13:14:51
88,Bluff,-46.6,168.3333,broken clouds,51.01,81,84,4.0,NZ,2021-04-20 13:14:51
89,Talnakh,69.4865,88.3972,clear sky,-0.11,95,5,4.25,RU,2021-04-20 13:14:52
90,Taoudenni,22.6783,-3.9836,clear sky,96.85,5,0,8.12,ML,2021-04-20 13:14:52
91,Chapais,49.7834,-74.8492,snow,32.0,100,90,8.05,CA,2021-04-20 13:14:52
92,Long Branch,40.3043,-73.9924,clear sky,59.0,67,1,8.05,US,2021-04-20 13:14:53
93,Riyadh,24.6877,46.7219,clear sky,96.8,9,0,10.36,SA,2021-04-20 13:10:31
94,Pacific Grove,36.6177,-121.9166,broken clouds,51.01,90,67,3.0,US,2021-04-20 13:14:53
95,Vao,-22.6667,167.4833,clear sky,73.96,68,0,11.12,NC,2021-04-20 13:14:53
96,Bambanglipuro,-7.95,110.2833,clear sky,77.5,80,0,5.82,ID,2021-04-20 13:14:53
97,Hermanus,-34.4187,19.2345,clear sky,80.01,51,6,3.0,ZA,2021-04-20 13:13:11
98,Naze,28.3667,129.4833,overcast clouds,64.02,61,100,13.04,JP,2021-04-20 13:14:54
99,Kalmunai,7.4167,81.8167,few clouds,82.85,75,13,9.48,LK,2021-04-20 13:14:54
100,Petropavlovsk-Kamchatskiy,53.0452,158.6483,light snow,35.6,100,90,4.47,RU,2021-04-20 13:14:54
101,Cidreira,-30.1811,-50.2056,scattered clouds,71.85,60,36,11.56,BR,2021-04-20 13:14:01
102,Hambantota,6.1241,81.1185,few clouds,86.0,84,20,9.22,LK,2021-04-20 13:14:55
103,New Braunfels,29.703,-98.1245,clear sky,54.0,76,1,4.38,US,2021-04-20 13:14:55
104,Porbandar,21.6422,69.6093,overcast clouds,84.16,67,100,14.56,IN,2021-04-20 13:14:55
105,Marystown,47.1666,-55.1483,scattered clouds,41.23,70,33,16.06,CA,2021-04-20 13:14:56
106,Atuona,-9.8,-139.0333,light rain,79.48,77,23,18.12,PF,2021-04-20 13:14:56
107,Georgetown,5.4112,100.3354,few clouds,84.99,74,20,4.61,MY,2021-04-20 13:11:01
108,Berlevag,70.8578,29.0864,clear sky,48.2,49,0,29.93,NO,2021-04-20 13:14:56
109,Muros,42.7762,-9.0603,broken clouds,62.01,83,73,7.27,ES,2021-04-20 13:14:57
110,Aswan,24.0934,32.907,scattered clouds,104.07,11,36,4.59,EG,2021-04-20 13:14:57
111,Dikson,73.5069,80.5464,overcast clouds,4.24,88,100,15.79,RU,2021-04-20 13:14:57
112,Bundaberg,-24.85,152.35,clear sky,66.0,77,0,6.22,AU,2021-04-20 13:14:58
113,Aykhal,66.0,111.5,few clouds,1.18,87,16,2.3,RU,2021-04-20 13:14:58
114,Iqaluit,63.7506,-68.5145,light snow,15.8,86,90,2.3,CA,2021-04-20 13:14:58
115,Olafsvik,64.8945,-23.7142,overcast clouds,38.82,67,99,14.43,IS,2021-04-20 13:14:58
116,Belomorsk,64.5232,34.7668,clear sky,50.0,38,0,9.75,RU,2021-04-20 13:14:59
117,Wucheng,29.6008,118.175,broken clouds,61.83,73,58,2.77,CN,2021-04-20 13:14:59
118,Ahipara,-35.1667,173.1667,scattered clouds,60.91,95,27,5.88,NZ,2021-04-20 13:14:59
119,Saint-Philippe,-21.3585,55.7679,light rain,77.0,94,90,13.8,RE,2021-04-20 13:15:00
120,Mbour,14.422,-16.9638,clear sky,84.2,42,0,18.41,SN,2021-04-20 13:15:00
121,Narsaq,60.9167,-46.05,broken clouds,39.2,45,75,3.44,GL,2021-04-20 13:15:00
122,Faanui,-16.4833,-151.75,clear sky,81.99,70,4,12.33,PF,2021-04-20 13:15:00
123,East London,-33.0153,27.9116,few clouds,66.2,82,20,13.8,ZA,2021-04-20 13:15:01
124,Baghdad,33.3406,44.4009,clear sky,102.2,15,0,12.66,IQ,2021-04-20 13:10:12
125,Barra Dos Coqueiros,-10.9089,-37.0386,broken clouds,84.2,65,75,9.22,BR,2021-04-20 13:15:03
126,Usinsk,65.9939,57.5281,broken clouds,35.33,98,67,10.58,RU,2021-04-20 13:15:04
127,Pandan,14.0453,124.1694,moderate rain,77.04,92,100,23.8,PH,2021-04-20 13:15:04
128,Rocha,-34.4833,-54.3333,clear sky,68.49,72,9,11.3,UY,2021-04-20 13:15:04
129,Bonavista,48.6499,-53.1147,light snow,37.0,100,100,13.8,CA,2021-04-20 13:15:05
130,Piet Retief,-27.0071,30.8132,overcast clouds,63.09,58,99,6.11,ZA,2021-04-20 13:15:05
131,Ust-Omchug,61.15,149.6333,light snow,26.8,95,100,7.34,RU,2021-04-20 13:15:05
132,Acapulco,16.8634,-99.8901,few clouds,68.0,77,20,3.96,MX,2021-04-20 13:13:46
133,Puerto Ayora,-0.7393,-90.3518,scattered clouds,75.0,98,46,4.38,EC,2021-04-20 13:15:06
134,Adre,13.4667,22.2,few clouds,101.53,5,22,4.61,TD,2021-04-20 13:15:06
135,Severo-Kurilsk,50.6789,156.125,overcast clouds,34.41,93,100,15.73,RU,2021-04-20 13:15:06
136,Asau,46.4333,26.4,few clouds,54.0,62,20,5.75,RO,2021-04-20 13:15:06
137,Pangkalanbuun,-2.6833,111.6167,clear sky,77.04,83,5,1.7,ID,2021-04-20 13:15:07
138,Ilulissat,69.2167,-51.1,broken clouds,15.8,62,75,4.61,GL,2021-04-20 13:15:07
139,Barrow,71.2906,-156.7887,overcast clouds,14.0,79,90,18.41,US,2021-04-20 13:15:07
140,Ippy,6.2679,21.2247,broken clouds,96.39,31,75,4.47,CF,2021-04-20 13:15:08
141,Issenye,-2.0,34.3333,overcast clouds,78.69,59,100,4.36,TZ,2021-04-20 13:15:08
142,Ancud,-41.8697,-73.8203,light rain,46.4,100,90,4.61,CL,2021-04-20 13:15:09
143,Walvis Bay,-22.9575,14.5053,clear sky,98.6,19,0,10.36,NA,2021-04-20 13:12:54
144,Omboue,-1.5746,9.2618,overcast clouds,86.88,57,100,2.06,GA,2021-04-20 13:15:09
145,Alofi,-19.0595,-169.9187,light rain,73.4,100,75,3.44,NU,2021-04-20 13:15:09
146,Turan,16.0678,108.2208,scattered clouds,80.6,89,40,4.61,VN,2021-04-20 13:15:09
147,Vulcan,45.3833,23.2667,overcast clouds,48.06,66,100,3.53,RO,2021-04-20 13:15:10
148,Fort Nelson,58.8053,-122.7002,clear sky,30.2,74,1,5.75,CA,2021-04-20 13:15:03
149,Takoradi,4.8845,-1.7554,broken clouds,86.94,66,61,11.32,GH,2021-04-20 13:13:24
150,Airai,-8.9266,125.4092,broken clouds,59.47,90,76,1.01,TL,2021-04-20 13:15:10
151,Coruripe,-10.1256,-36.1756,broken clouds,82.85,71,52,9.06,BR,2021-04-20 13:15:10
152,Provideniya,64.3833,-173.3,clear sky,20.52,63,6,5.84,RU,2021-04-20 13:15:11
153,Ostrovnoy,68.0531,39.5131,overcast clouds,39.09,95,100,21.54,RU,2021-04-20 13:15:11
154,Edea,3.8,10.1333,broken clouds,89.6,58,75,2.3,CM,2021-04-20 13:15:11
155,Acari,-15.4311,-74.6158,broken clouds,73.24,75,58,4.45,PE,2021-04-20 13:15:12
156,Bukachacha,52.9833,116.9167,overcast clouds,43.52,40,96,2.55,RU,2021-04-20 13:15:12
157,Lakatoro,-16.0999,167.4164,overcast clouds,81.73,80,87,6.13,VU,2021-04-20 13:15:12
158,Gusau,12.1628,6.6614,clear sky,103.44,15,8,4.56,NG,2021-04-20 13:15:13
159,Butaritari,3.0707,172.7902,light rain,81.09,78,100,15.32,KI,2021-04-20 13:15:13
160,Yellowknife,62.456,-114.3525,few clouds,21.2,86,20,6.91,CA,2021-04-20 13:11:20
161,Dukat,62.55,155.55,overcast clouds,18.12,97,100,5.44,RU,2021-04-20 13:15:14
162,Isla Vista,34.4133,-119.861,clear sky,48.0,87,1,3.44,US,2021-04-20 13:15:14
163,Norman Wells,65.282,-126.8329,clear sky,23.0,93,1,4.61,CA,2021-04-20 13:15:14
164,Robertsport,6.7533,-11.3686,overcast clouds,84.47,70,96,7.72,LR,2021-04-20 13:15:15
165,Jatiroto,-7.8833,111.1167,clear sky,72.61,83,2,4.23,ID,2021-04-20 13:15:15
166,Madimba,-10.4,40.3333,broken clouds,84.2,74,75,10.36,TZ,2021-04-20 13:15:15
167,Kodiak,57.79,-152.4072,overcast clouds,42.8,87,90,9.22,US,2021-04-20 13:15:16
168,Necochea,-38.5473,-58.7368,clear sky,68.0,80,1,13.0,AR,2021-04-20 13:15:16
169,Severnyy,50.677,36.5532,light rain,48.2,93,75,15.66,RU,2021-04-20 13:15:16
170,Bodden Town,19.2833,-81.25,few clouds,84.2,74,20,10.36,KY,2021-04-20 13:15:16
171,Bajil,15.0584,43.2851,scattered clouds,96.96,29,41,11.88,YE,2021-04-20 13:13:12
172,Hofn,64.2539,-15.2082,clear sky,39.7,43,0,5.75,IS,2021-04-20 13:15:17
173,Ratnagiri,16.9833,73.3,few clouds,84.33,63,22,10.04,IN,2021-04-20 13:15:17
174,Yilan,24.757,121.753,overcast clouds,75.0,99,88,7.87,TW,2021-04-20 13:15:17
175,New Norfolk,-42.7826,147.0587,clear sky,41.0,73,7,2.86,AU,2021-04-20 13:15:18
176,Sao Filipe,14.8961,-24.4956,overcast clouds,72.81,76,96,16.8,CV,2021-04-20 13:15:18
177,Sitka,57.0531,-135.33,overcast clouds,44.6,93,90,4.61,US,2021-04-20 13:11:22
178,Milkovo,54.7167,158.6167,light snow,32.5,97,100,3.53,RU,2021-04-20 13:15:18
179,Shelburne,44.0787,-80.2041,overcast clouds,35.01,76,100,17.96,CA,2021-04-20 13:15:03
180,Haines Junction,60.7522,-137.5108,overcast clouds,26.6,86,97,2.3,CA,2021-04-20 13:15:19
181,Ichchapuram,19.1167,84.7,light rain,84.9,61,30,12.75,IN,2021-04-20 13:15:19
182,Fare,-16.7,-151.0167,light rain,81.59,73,10,13.89,PF,2021-04-20 13:15:19
183,Isangel,-19.55,169.2667,overcast clouds,78.33,86,99,12.68,VU,2021-04-20 13:15:20
184,Pangai,-19.8,-174.35,few clouds,78.8,73,20,13.8,TO,2021-04-20 13:15:20
185,Amapa,1.0,-52.0,overcast clouds,70.11,99,100,1.01,BR,2021-04-20 13:15:20
186,Pizhanka,57.4604,48.542,clear sky,47.7,36,0,12.71,RU,2021-04-20 13:15:21
187,Constitucion,-35.3333,-72.4167,overcast clouds,58.3,78,100,18.07,CL,2021-04-20 13:15:21
188,Kostino,58.9097,53.2691,clear sky,46.24,37,7,2.46,RU,2021-04-20 13:15:21
189,Avarua,-21.2078,-159.775,overcast clouds,77.0,78,90,10.36,CK,2021-04-20 13:15:22
190,Severo-Yeniseyskiy,60.3725,93.0408,overcast clouds,14.29,94,100,6.6,RU,2021-04-20 13:15:22
191,Santa Fe,-31.6333,-60.7,clear sky,72.0,65,0,5.01,AR,2021-04-20 13:15:22
192,Laibin,23.7,109.2667,light rain,72.72,89,100,10.96,CN,2021-04-20 13:15:22
193,Sonoita,31.85,-112.8333,clear sky,60.01,22,0,5.17,MX,2021-04-20 13:15:23
194,Tahta,26.7693,31.5021,clear sky,105.8,11,0,3.44,EG,2021-04-20 13:15:23
195,Pimenta Bueno,-11.6725,-61.1936,scattered clouds,77.34,86,47,2.77,BR,2021-04-20 13:15:23
196,Vardo,70.3705,31.1107,clear sky,46.4,57,0,16.11,NO,2021-04-20 13:15:24
197,Khatanga,71.9667,102.5,overcast clouds,0.63,97,95,4.81,RU,2021-04-20 13:15:24
198,Oranjemund,-28.55,16.4333,few clouds,72.64,59,11,12.35,NA,2021-04-20 13:15:24
199,Bantogon,6.5333,124.0333,overcast clouds,78.19,79,98,2.55,PH,2021-04-20 13:15:24
200,Yulara,-25.2406,130.9889,clear sky,60.8,36,0,3.44,AU,2021-04-20 13:15:25
201,Oistins,13.0667,-59.5333,few clouds,82.4,57,20,24.16,BB,2021-04-20 13:10:57
202,Uarini,-2.99,-65.1083,light rain,80.6,94,40,6.91,BR,2021-04-20 13:15:25
203,Mahebourg,-20.4081,57.7,light rain,82.4,78,75,3.44,MU,2021-04-20 13:15:25
204,Nouakchott,18.0858,-15.9785,clear sky,78.8,57,0,14.97,MR,2021-04-20 13:10:38
205,Banugao,14.7333,121.6333,overcast clouds,82.0,53,100,7.96,PH,2021-04-20 13:15:26
206,Progreso,21.2833,-89.6667,scattered clouds,77.0,88,40,2.75,MX,2021-04-20 13:15:26
207,Caravelas,-17.7125,-39.2481,overcast clouds,74.91,84,100,3.18,BR,2021-04-20 13:15:26
208,Jadu,31.953,12.0261,clear sky,73.22,13,9,2.04,LY,2021-04-20 13:15:27
209,Tiksi,71.6872,128.8694,light snow,8.71,96,100,12.28,RU,2021-04-20 13:15:27
210,Shimoda,34.6667,138.95,clear sky,61.0,68,8,1.01,JP,2021-04-20 13:15:27
211,Lebu,-37.6167,-73.65,overcast clouds,58.01,79,100,10.76,CL,2021-04-20 13:15:27
212,Nanortalik,60.1432,-45.2371,overcast clouds,35.31,70,100,4.54,GL,2021-04-20 13:15:28
213,Dzhebariki-Khaya,62.2167,135.8,light snow,23.76,96,100,5.23,RU,2021-04-20 13:15:28
214,Sibu,2.3,111.8167,few clouds,80.6,89,20,1.83,MY,2021-04-20 13:15:28
215,Kununurra,-15.7667,128.7333,clear sky,71.6,83,5,0.36,AU,2021-04-20 13:15:28
216,Cahors,44.4167,1.3333,overcast clouds,68.0,37,100,6.91,FR,2021-04-20 13:13:09
217,Edson,53.5835,-116.4356,clear sky,23.0,93,1,4.61,CA,2021-04-20 13:15:29
218,Hobyo,5.3505,48.5268,scattered clouds,86.05,63,46,14.07,SO,2021-04-20 13:15:29
219,Zyryanka,65.75,150.85,broken clouds,34.97,69,58,27.09,RU,2021-04-20 13:15:29
220,Novobirilyussy,56.9514,90.6661,overcast clouds,22.55,78,100,9.75,RU,2021-04-20 13:15:30
221,Lanigan,51.8501,-105.0344,scattered clouds,23.0,86,44,5.75,CA,2021-04-20 13:15:30
222,Inzer,54.2167,57.5556,clear sky,46.09,31,0,1.86,RU,2021-04-20 13:15:30
223,Krasnovishersk,60.4078,57.082,overcast clouds,45.7,58,88,6.76,RU,2021-04-20 13:15:31
224,Balykshi,47.0667,51.8667,dust,62.6,36,75,20.13,KZ,2021-04-20 13:15:31
225,Mpulungu,-8.7623,31.1141,light rain,79.68,66,100,9.57,ZM,2021-04-20 13:15:31
226,Hithadhoo,-0.6,73.0833,overcast clouds,83.12,64,90,6.11,MV,2021-04-20 13:15:31
227,Kavaratti,10.5669,72.642,overcast clouds,85.48,66,94,11.1,IN,2021-04-20 13:15:32
228,Magadan,59.5667,150.8,light snow,32.92,87,100,29.75,RU,2021-04-20 13:15:32
229,Port Lincoln,-34.7333,135.8667,few clouds,55.44,58,23,8.1,AU,2021-04-20 13:15:32
230,Karratha,-20.7377,116.8463,clear sky,80.56,51,1,6.31,AU,2021-04-20 13:15:33
231,Madang,-5.2246,145.7966,overcast clouds,77.5,87,100,1.77,PG,2021-04-20 13:15:33
232,Mackay,-21.15,149.2,overcast clouds,77.0,69,95,9.22,AU,2021-04-20 13:15:33
233,Deputatskiy,69.3,139.9,overcast clouds,7.77,98,100,2.3,RU,2021-04-20 13:15:33
234,Tupiza,-21.45,-65.7167,clear sky,55.35,61,0,0.89,BO,2021-04-20 13:15:34
235,Koslan,63.4564,48.8989,few clouds,49.15,37,11,5.12,RU,2021-04-20 13:15:34
236,Aasiaat,68.7098,-52.8699,overcast clouds,13.08,78,100,3.67,GL,2021-04-20 13:15:34
237,Oussouye,12.485,-16.5469,clear sky,95.0,36,0,4.61,SN,2021-04-20 13:15:35
238,Eyl,7.9803,49.8164,overcast clouds,85.48,66,100,15.3,SO,2021-04-20 13:15:35
239,Ca Mau,9.1769,105.15,overcast clouds,82.44,74,100,5.28,VN,2021-04-20 13:15:35
240,Manta,-0.95,-80.7333,scattered clouds,78.8,73,40,5.7,EC,2021-04-20 13:15:35
241,Cairns,-16.9167,145.7667,heavy intensity rain,75.2,94,75,8.05,AU,2021-04-20 13:15:36
242,Daraitan,14.6028,121.4319,light rain,82.99,79,100,5.99,PH,2021-04-20 13:15:36
243,Hamilton,39.1834,-84.5333,clear sky,46.99,76,1,5.75,US,2021-04-20 13:14:15
244,Sola,-13.8833,167.55,scattered clouds,80.6,94,40,5.75,VU,2021-04-20 13:15:36
245,Sheridan,44.8333,-106.9173,scattered clouds,24.01,63,40,12.66,US,2021-04-20 13:15:37
246,Hvolsvollur,63.7533,-20.2243,broken clouds,39.2,60,75,13.8,IS,2021-04-20 13:15:37
247,Fairbanks,64.8378,-147.7164,clear sky,37.0,80,1,6.91,US,2021-04-20 13:12:29
248,Leningradskiy,69.3833,178.4167,broken clouds,14.09,68,58,7.29,RU,2021-04-20 13:15:37
249,Ustka,54.5805,16.8619,scattered clouds,50.94,65,39,11.5,PL,2021-04-20 13:15:38
250,Christchurch,-43.5333,172.6333,overcast clouds,53.01,93,100,2.3,NZ,2021-04-20 13:13:14
251,Salinopolis,-0.6136,-47.3561,overcast clouds,79.48,82,98,4.29,BR,2021-04-20 13:13:17
252,Kahului,20.8947,-156.47,broken clouds,66.99,100,75,3.44,US,2021-04-20 13:15:38
253,Purna,19.1833,77.05,overcast clouds,102.2,17,100,1.14,IN,2021-04-20 13:15:38
254,Sarangani,5.4033,125.4636,overcast clouds,83.03,77,100,18.3,PH,2021-04-20 13:15:39
255,Zhoucheng,35.9122,116.3117,light rain,61.57,50,100,13.53,CN,2021-04-20 13:15:39
256,Tenenkou,14.4572,-4.9169,scattered clouds,105.28,6,47,10.36,ML,2021-04-20 13:15:39
257,Storslett,69.7678,21.0247,clear sky,55.4,41,0,11.5,NO,2021-04-20 13:15:40
258,Diamantino,-14.4086,-56.4461,scattered clouds,80.33,72,49,1.39,BR,2021-04-20 13:15:40
259,Dmitriyevskaya,45.6564,40.7653,overcast clouds,61.0,79,96,14.27,RU,2021-04-20 13:15:40
260,Marsh Harbour,26.5412,-77.0636,overcast clouds,78.93,77,91,8.63,BS,2021-04-20 13:15:40
261,Witu,-2.3889,40.4382,light rain,85.48,65,100,16.13,KE,2021-04-20 13:15:41
262,Mitsamiouli,-11.3847,43.2844,light rain,84.2,79,75,8.05,KM,2021-04-20 13:15:41
263,Nuuk,64.1835,-51.7216,light snow,33.8,93,75,19.57,GL,2021-04-20 13:15:41
264,Beringovskiy,63.05,179.3167,scattered clouds,11.37,96,29,5.23,RU,2021-04-20 13:15:42
265,Gigmoto,13.7796,124.39,moderate rain,77.22,90,100,15.61,PH,2021-04-20 13:15:42
266,Saldanha,-33.0117,17.9442,broken clouds,86.0,28,82,6.91,ZA,2021-04-20 13:15:42
267,Onguday,50.75,86.15,overcast clouds,26.69,70,100,6.44,RU,2021-04-20 13:15:42
268,Tabou,4.423,-7.3528,broken clouds,86.95,64,65,8.63,CI,2021-04-20 13:15:43
269,Krasnogorsk,55.8225,37.3181,moderate rain,39.2,93,90,22.37,RU,2021-04-20 13:15:43
270,Likasi,-10.9814,26.7333,overcast clouds,72.64,67,100,4.16,CD,2021-04-20 13:15:43
271,Esna,25.2934,32.554,clear sky,105.8,15,0,8.05,EG,2021-04-20 13:15:44
272,Katsuura,35.1333,140.3,clear sky,64.4,59,0,1.14,JP,2021-04-20 13:15:44
273,Ballina,-28.8667,153.5667,clear sky,59.0,94,0,8.72,AU,2021-04-20 13:15:44
274,Povorino,51.1945,42.2457,heavy intensity rain,43.0,94,100,5.99,RU,2021-04-20 13:15:45
275,Maralal,1.0968,36.698,overcast clouds,73.22,48,100,9.82,KE,2021-04-20 13:15:45
276,Kars,40.602,43.095,broken clouds,64.4,52,75,10.36,TR,2021-04-20 13:15:45
277,Praia Da Vitoria,38.7333,-27.0667,few clouds,69.8,88,20,14.34,PT,2021-04-20 13:15:45
278,Bida,9.0833,6.0167,overcast clouds,101.5,31,100,5.39,NG,2021-04-20 13:15:46
279,Wonopringgo,-6.9833,109.6167,broken clouds,78.12,81,66,3.22,ID,2021-04-20 13:15:46
280,Bilibino,68.0546,166.4372,overcast clouds,9.88,84,100,4.03,RU,2021-04-20 13:15:46
281,Zonguldak,41.25,31.8333,scattered clouds,60.8,55,40,16.11,TR,2021-04-20 13:14:48
282,Kaitangata,-46.2817,169.8464,broken clouds,48.0,85,70,5.75,NZ,2021-04-20 13:15:47
283,Guerrero Negro,27.9769,-114.0611,few clouds,57.72,89,14,7.16,MX,2021-04-20 13:15:47
284,Nikolskoye,59.7035,30.7861,clear sky,54.0,24,0,13.42,RU,2021-04-20 13:15:47
285,Finschhafen,-6.6024,147.8681,broken clouds,80.06,84,62,3.13,PG,2021-04-20 13:15:47
286,Port Hardy,50.6996,-127.4199,overcast clouds,46.4,93,90,2.91,CA,2021-04-20 13:15:48
287,Mamou,10.5,-12.0,few clouds,97.25,24,16,5.08,GN,2021-04-20 13:15:16
288,Port Hedland,-20.3167,118.5667,scattered clouds,80.6,36,29,8.05,AU,2021-04-20 13:15:48
289,Miandrivazo,-19.5167,45.4667,overcast clouds,87.75,52,96,5.53,MG,2021-04-20 13:15:48
290,Zhigansk,66.7697,123.3711,broken clouds,3.15,97,64,7.36,RU,2021-04-20 13:15:49
291,Huarmey,-10.0681,-78.1522,clear sky,70.32,79,4,7.99,PE,2021-04-20 13:15:49
292,Viana,-20.3903,-40.4961,few clouds,78.8,78,20,2.75,BR,2021-04-20 13:12:45
293,Siedlce,52.1677,22.2901,overcast clouds,57.99,51,99,6.98,PL,2021-04-20 13:15:49
294,Kutum,14.2,24.6667,few clouds,95.9,5,15,4.68,SD,2021-04-20 13:15:50
295,Puerto Narino,-3.7703,-70.3831,broken clouds,75.2,100,75,5.75,CO,2021-04-20 13:15:50
296,Ambon,-3.6954,128.1814,overcast clouds,81.48,76,100,1.3,ID,2021-04-20 13:15:50
297,Souillac,-20.5167,57.5167,light rain,82.4,78,75,3.44,MU,2021-04-20 13:15:50
298,Quatre Cocos,-20.2078,57.7625,broken clouds,82.4,78,75,3.44,MU,2021-04-20 13:15:51
299,Dunedin,-45.8742,170.5036,overcast clouds,57.0,63,100,5.99,NZ,2021-04-20 13:12:53
300,Storforshei,66.4043,14.5233,broken clouds,53.6,43,75,4.61,NO,2021-04-20 13:15:51
301,Paamiut,61.994,-49.6678,scattered clouds,33.08,78,34,3.71,GL,2021-04-20 13:15:51
302,Nouadhibou,20.931,-17.0347,clear sky,69.8,73,0,23.02,MR,2021-04-20 13:15:52
303,Gat,31.61,34.7642,few clouds,79.0,52,16,1.01,IL,2021-04-20 13:12:02
304,Vostok,46.4856,135.8833,clear sky,26.01,49,0,6.2,RU,2021-04-20 13:15:52
305,Jiuquan,39.7432,98.5174,overcast clouds,61.99,20,100,7.09,CN,2021-04-20 13:15:52
306,Buala,-8.145,159.5921,light rain,81.55,82,78,5.95,SB,2021-04-20 13:15:53
307,Real,14.6625,121.6047,overcast clouds,82.99,53,100,8.28,PH,2021-04-20 13:15:53
308,Umea,63.8284,20.2597,clear sky,51.8,40,0,9.22,SE,2021-04-20 13:15:53
309,Kaoma,-14.7833,24.8,overcast clouds,80.83,32,86,8.95,ZM,2021-04-20 13:15:53
310,Saint-Francois,46.4154,3.9054,clear sky,62.6,36,0,5.75,FR,2021-04-20 13:15:54
311,Dunmore East,52.1514,-6.9861,broken clouds,51.01,87,75,2.21,IE,2021-04-20 13:15:54
312,Maniitsoq,65.4167,-52.9,overcast clouds,28.89,88,95,6.76,GL,2021-04-20 13:15:54
313,La Rioja,42.25,-2.5,few clouds,64.4,45,20,5.75,ES,2021-04-20 13:15:19
314,Gazojak,41.1875,61.4036,clear sky,72.12,31,10,19.86,TM,2021-04-20 13:15:55
315,Chuy,-33.6971,-53.4616,clear sky,70.34,64,0,12.33,UY,2021-04-20 13:15:55
316,Yatsuo,36.5667,137.1333,few clouds,57.2,77,20,1.14,JP,2021-04-20 13:15:55
317,Rio Bueno,-40.3167,-72.9667,overcast clouds,50.0,98,90,2.3,CL,2021-04-20 13:15:56
318,Daru,-9.0763,143.2092,overcast clouds,79.99,87,98,7.58,PG,2021-04-20 13:15:56
319,Aitape,-3.1374,142.3475,overcast clouds,78.73,85,100,5.91,PG,2021-04-20 13:15:56
320,Saint George,37.1041,-113.5841,clear sky,55.4,30,1,16.11,US,2021-04-20 13:12:48
321,Margate,51.3813,1.3862,clear sky,55.99,90,8,1.01,GB,2021-04-20 13:15:57
322,Mantua,45.1667,10.7833,few clouds,66.99,34,20,5.75,IT,2021-04-20 13:15:57
323,Wahiawa,21.5028,-158.0236,few clouds,69.01,77,20,0.94,US,2021-04-20 13:15:57
324,Brigantine,39.4101,-74.3646,clear sky,59.0,67,1,12.66,US,2021-04-20 13:15:58
325,Opuwo,-18.0607,13.84,clear sky,84.97,21,0,8.9,NA,2021-04-20 13:15:58
326,Pochutla,15.7432,-96.4661,few clouds,75.2,64,20,1.95,MX,2021-04-20 13:15:58
327,Amga,60.8953,131.9608,clear sky,4.26,98,10,1.81,RU,2021-04-20 13:15:58
328,Siderno,38.2779,16.302,few clouds,64.4,45,20,12.66,IT,2021-04-20 13:15:59
329,Nurota,40.5614,65.6886,broken clouds,78.8,18,79,23.02,UZ,2021-04-20 13:15:59
330,Blagoyevo,63.3667,47.9167,clear sky,50.27,34,4,5.21,RU,2021-04-20 13:15:59
331,Moron,-34.6534,-58.6198,clear sky,70.0,80,0,10.0,AR,2021-04-20 13:14:45
332,New Port Richey,28.2442,-82.7193,broken clouds,70.0,97,82,6.85,US,2021-04-20 13:16:00
333,Labuhan,-6.8844,112.2051,broken clouds,81.25,69,56,4.23,ID,2021-04-20 13:16:00
334,Kibondo,-3.5864,30.7203,light rain,69.91,77,87,5.57,TZ,2021-04-20 13:16:00
335,Longyearbyen,78.2186,15.6401,light snow,28.4,69,75,3.44,SJ,2021-04-20 13:16:01
336,Kavieng,-2.5744,150.7967,overcast clouds,82.94,74,100,5.88,PG,2021-04-20 13:16:01
337,Vilhena,-12.7406,-60.1458,broken clouds,77.0,78,75,5.75,BR,2021-04-20 13:16:01
338,Tungor,53.3808,142.9564,overcast clouds,31.78,94,100,12.77,RU,2021-04-20 13:16:01
339,Abu Kamal,34.4506,40.9171,overcast clouds,104.5,6,100,14.05,SY,2021-04-20 13:16:02
340,San Ramon De La Nueva Oran,-23.1322,-64.326,broken clouds,77.0,83,53,1.52,AR,2021-04-20 13:16:02
341,Ritchie,-29.038,24.6028,clear sky,82.4,24,0,9.22,ZA,2021-04-20 13:16:02
342,Katete,-0.7818,29.7544,light rain,64.02,93,100,3.83,UG,2021-04-20 13:16:03
343,Kapuskasing,49.4169,-82.4331,snow,12.2,79,100,14.97,CA,2021-04-20 13:16:03
344,Tual,-5.6667,132.75,scattered clouds,82.2,74,25,6.96,ID,2021-04-20 13:16:03
345,Portland,45.5234,-122.6762,few clouds,48.99,81,20,2.86,US,2021-04-20 13:12:07
346,Talara,-4.5772,-81.2719,clear sky,75.2,69,0,5.75,PE,2021-04-20 13:16:03
347,Ponta Delgada,37.7333,-25.6667,broken clouds,62.6,100,75,16.11,PT,2021-04-20 13:16:04
348,Salina Cruz,16.1667,-95.2,few clouds,77.83,74,20,7.27,MX,2021-04-20 13:16:04
349,Hervey Bay,-25.2986,152.8535,clear sky,73.0,67,0,3.0,AU,2021-04-20 13:16:04
350,San Jose El Alto,20.65,-100.3667,heavy intensity rain,48.2,31,20,6.91,MX,2021-04-20 13:16:05
351,Victor Harbor,-35.5667,138.6167,scattered clouds,57.99,56,29,1.01,AU,2021-04-20 13:16:05
352,Vestmannaeyjar,63.4427,-20.2734,broken clouds,39.2,60,75,13.8,IS,2021-04-20 13:16:05
353,Kyshtovka,56.555,76.6271,overcast clouds,30.74,46,100,14.88,RU,2021-04-20 13:16:05
354,Mackenzie,55.2999,-123.1698,clear sky,23.0,93,1,0.65,CA,2021-04-20 13:16:06
355,Zlobin,45.2924,14.6541,scattered clouds,59.0,47,40,8.05,HR,2021-04-20 13:16:06
356,Batagay-Alyta,67.8006,130.4114,light snow,8.13,96,100,2.57,RU,2021-04-20 13:16:06
357,Ransang,8.9603,117.5828,overcast clouds,79.83,78,100,7.38,PH,2021-04-20 13:16:07
358,Namatanai,-3.6667,152.4333,light rain,80.62,81,100,3.98,PG,2021-04-20 13:16:07
359,Udachnyy,66.4167,112.4,broken clouds,4.98,85,67,4.07,RU,2021-04-20 13:16:07
360,Zakamensk,50.3741,103.2863,overcast clouds,45.37,56,100,4.18,RU,2021-04-20 13:16:07
361,Moose Factory,51.2585,-80.6094,heavy snow,15.8,86,90,12.66,CA,2021-04-20 13:16:08
362,San Patricio,28.017,-97.5169,clear sky,55.99,94,1,3.44,US,2021-04-20 13:16:08
363,Itarema,-2.9248,-39.9167,overcast clouds,82.72,71,89,4.45,BR,2021-04-20 13:16:08
364,Thinadhoo,0.5333,72.9333,few clouds,82.81,66,13,6.53,MV,2021-04-20 13:16:09
365,Bairiki,1.3292,172.9752,light rain,82.4,78,40,5.75,KI,2021-04-20 13:16:09
366,Hai Duong,20.9333,106.3167,broken clouds,82.4,89,75,11.5,VN,2021-04-20 13:16:09
367,Khandyga,62.6667,135.6,light snow,22.37,96,100,6.11,RU,2021-04-20 13:16:09
368,Deer Lake,49.1667,-57.4316,overcast clouds,39.2,70,90,6.91,CA,2021-04-20 13:16:10
369,Strezhevoy,60.7333,77.5889,snow,28.4,86,90,2.24,RU,2021-04-20 13:16:10
370,Ramsar,36.9226,50.6426,scattered clouds,71.6,73,40,4.61,IR,2021-04-20 13:16:10
371,Lavrentiya,65.5833,-171.0,few clouds,9.81,72,18,4.52,RU,2021-04-20 13:16:11
372,Vila Franca Do Campo,37.7167,-25.4333,broken clouds,62.6,100,75,16.11,PT,2021-04-20 13:16:11
373,Victoria,22.2855,114.1577,few clouds,75.0,81,20,1.99,HK,2021-04-20 13:13:31
374,Neuquen,-38.9516,-68.0591,overcast clouds,69.08,71,98,9.82,AR,2021-04-20 13:16:11
375,Ulkan,57.243,107.3223,few clouds,17.42,91,17,3.02,RU,2021-04-20 13:16:12
376,Arlit,18.7369,7.3853,clear sky,107.69,3,7,9.84,NE,2021-04-20 13:16:12
377,Houston,29.7633,-95.3633,overcast clouds,60.8,63,90,8.05,US,2021-04-20 13:15:37
378,Rembang,-6.707,111.3498,few clouds,77.95,79,17,4.09,ID,2021-04-20 13:16:12
379,Rio Gallegos,-51.6226,-69.2181,clear sky,39.2,81,0,12.66,AR,2021-04-20 13:11:31
380,Leshukonskoye,64.8989,45.7622,clear sky,49.51,43,5,5.82,RU,2021-04-20 13:16:13
381,Plettenberg Bay,-34.0527,23.3716,overcast clouds,70.9,66,91,8.41,ZA,2021-04-20 13:16:13
382,Ewa Beach,21.3156,-158.0072,broken clouds,73.4,73,75,5.75,US,2021-04-20 13:16:13
383,Saint-Paul,-21.0096,55.2707,light rain,80.6,78,90,9.22,RE,2021-04-20 13:16:13
384,Kashi,39.4547,75.9797,scattered clouds,71.6,16,40,6.71,CN,2021-04-20 13:16:14
385,Ulan-Ude,51.8261,107.6098,few clouds,41.0,42,20,13.42,RU,2021-04-20 13:16:14
386,Boysun,38.2061,67.1986,scattered clouds,64.62,35,40,9.42,UZ,2021-04-20 13:16:14
387,Barahona,18.2085,-71.1008,few clouds,80.6,83,20,5.03,DO,2021-04-20 13:16:15
388,Constantine,36.365,6.6147,scattered clouds,68.0,37,40,9.22,DZ,2021-04-20 13:16:15
389,Oparino,59.8518,48.2783,clear sky,47.43,39,1,5.3,RU,2021-04-20 13:16:15
390,Tavatuy,57.0703,60.1336,clear sky,50.0,18,0,17.9,RU,2021-04-20 13:16:15
391,Yantal,56.8471,105.2542,overcast clouds,21.49,77,100,4.52,RU,2021-04-20 13:16:16
392,Coquimbo,-29.9533,-71.3436,overcast clouds,57.2,94,90,5.79,CL,2021-04-20 13:16:16
393,Merauke,-8.4667,140.3333,overcast clouds,81.03,81,97,10.13,ID,2021-04-20 13:16:16
394,Kholmogory,64.2229,41.656,clear sky,55.4,19,0,6.71,RU,2021-04-20 13:16:17
395,Providencia,28.7167,-111.5833,clear sky,64.4,27,1,3.56,MX,2021-04-20 13:16:17
396,Taybad,34.74,60.7756,clear sky,78.76,20,4,20.13,IR,2021-04-20 13:16:17
397,Kabwe,-14.4469,28.4464,overcast clouds,74.71,47,100,11.03,ZM,2021-04-20 13:16:17
398,Saint-Louis,16.3333,-15.0,clear sky,96.8,21,0,2.3,SN,2021-04-20 13:16:18
399,Khuzhir,53.1939,107.3397,overcast clouds,29.48,89,100,4.65,RU,2021-04-20 13:16:18
400,Tazmalt,36.3868,4.3989,overcast clouds,72.64,27,100,8.21,DZ,2021-04-20 13:16:18
401,Kaeo,-35.1,173.7833,scattered clouds,57.0,96,33,2.55,NZ,2021-04-20 13:16:18
402,Morbegno,46.1383,9.57,overcast clouds,64.99,27,96,4.0,IT,2021-04-20 13:16:19
403,Lagoa,39.05,-27.9833,clear sky,62.13,85,1,23.31,PT,2021-04-20 13:16:19
404,Pevek,69.7008,170.3133,scattered clouds,21.42,66,37,19.57,RU,2021-04-20 13:16:19
405,Grindavik,63.8424,-22.4338,overcast clouds,39.2,60,90,9.22,IS,2021-04-20 13:16:20
406,Gornopravdinsk,60.05,69.9,light rain,40.69,74,96,13.8,RU,2021-04-20 13:16:20
407,Boa Vista,2.8197,-60.6733,clear sky,82.4,57,0,17.27,BR,2021-04-20 13:16:20
408,Folldal,62.1325,9.9968,broken clouds,37.78,99,80,7.54,NO,2021-04-20 13:16:21
409,Bow Island,49.8668,-111.3684,clear sky,24.8,93,10,1.14,CA,2021-04-20 13:16:21
410,Pangnirtung,66.1451,-65.7125,light snow,14.0,85,75,4.61,CA,2021-04-20 13:16:22
411,Schwabisch Hall,49.1113,9.7391,scattered clouds,57.99,54,40,4.61,DE,2021-04-20 13:16:22
412,Sungaipenuh,-2.0833,101.3833,overcast clouds,67.37,98,100,1.01,ID,2021-04-20 13:16:22
413,Altus,34.6381,-99.334,overcast clouds,39.2,56,90,25.32,US,2021-04-20 13:16:23
414,Serebryansk,49.6925,83.2892,broken clouds,33.8,40,75,17.9,KZ,2021-04-20 13:16:23
415,Kamenka,51.3223,42.7678,moderate rain,43.0,94,100,5.99,RU,2021-04-20 13:16:23
416,Kieta,-6.2167,155.6333,broken clouds,80.78,84,64,4.21,PG,2021-04-20 13:16:23
417,Waipawa,-41.4122,175.5153,light rain,57.2,100,75,2.3,NZ,2021-04-20 13:16:24
418,Farah,32.5,62.5,clear sky,80.85,10,0,29.48,AF,2021-04-20 13:16:24
419,Baruun-Urt,46.6806,113.2792,overcast clouds,57.94,20,100,10.25,MN,2021-04-20 13:16:24
420,Nome,64.5011,-165.4064,clear sky,26.6,54,1,9.17,US,2021-04-20 13:16:25
421,Korla,41.7597,86.1469,clear sky,71.13,21,10,10.38,CN,2021-04-20 13:16:25
422,Sao Joao Da Barra,-21.6403,-41.0511,clear sky,78.8,69,0,7.25,BR,2021-04-20 13:16:25
423,Raudeberg,61.9875,5.1352,moderate rain,45.0,88,100,28.41,NO,2021-04-20 13:16:26
424,Tokat,40.4167,36.5833,broken clouds,75.2,38,75,9.22,TR,2021-04-20 13:16:26
425,Boralday,43.3578,76.8594,moderate rain,59.0,58,90,8.95,KZ,2021-04-20 13:16:26
426,Shingu,33.7333,135.9833,overcast clouds,56.46,63,100,6.8,JP,2021-04-20 13:16:26
427,La Maddalena,41.2142,9.4083,clear sky,66.2,34,0,8.05,IT,2021-04-20 13:16:27
428,Hanzhong,33.0728,107.0303,overcast clouds,56.37,95,86,0.94,CN,2021-04-20 13:16:27
429,Grande Prairie,55.1667,-118.8027,scattered clouds,24.8,86,40,2.3,CA,2021-04-20 13:16:27
430,Namibe,-15.1961,12.1522,clear sky,86.09,66,7,13.0,AO,2021-04-20 13:16:28
431,Beloye,48.4952,39.0505,light rain,55.53,88,100,12.39,UA,2021-04-20 13:16:28
432,Langfang,39.5097,116.6947,light rain,70.0,53,100,13.65,CN,2021-04-20 13:16:28
433,Mocuba,-16.8392,36.9856,light rain,76.39,76,98,7.58,MZ,2021-04-20 13:16:28
434,Yima,34.7381,111.8839,light rain,52.57,96,100,9.31,CN,2021-04-20 13:16:29
435,Nalut,30.3333,10.85,clear sky,79.47,12,0,5.84,LY,2021-04-20 13:16:29
436,Vila Velha,-20.3297,-40.2925,few clouds,78.8,78,20,1.19,BR,2021-04-20 13:16:29
437,Port Blair,11.6667,92.75,few clouds,83.25,64,24,3.76,IN,2021-04-20 13:15:12
438,Atambua,-9.1061,124.8925,overcast clouds,72.95,81,95,2.84,ID,2021-04-20 13:16:30
439,Ola,59.5833,151.2833,overcast clouds,33.64,82,100,28.95,RU,2021-04-20 13:16:30
440,Beatrice,40.2681,-96.747,clear sky,33.01,93,1,4.61,US,2021-04-20 13:16:30
441,Galeana,24.8333,-100.0667,overcast clouds,44.01,73,100,1.99,MX,2021-04-20 13:16:30
442,Coos Bay,43.3665,-124.2179,overcast clouds,50.0,88,100,5.73,US,2021-04-20 13:14:07
443,Urengoy,65.9667,78.3667,overcast clouds,20.61,88,100,10.13,RU,2021-04-20 13:16:31
444,Torbay,47.6666,-52.7314,overcast clouds,39.0,93,90,31.07,CA,2021-04-20 13:16:31
445,Garowe,8.4054,48.4845,overcast clouds,91.92,27,97,5.75,SO,2021-04-20 13:16:31
446,Kuah,6.3265,99.8432,few clouds,84.0,89,20,9.95,MY,2021-04-20 13:16:32
447,Touros,-5.1989,-35.4608,broken clouds,84.2,70,75,9.22,BR,2021-04-20 13:16:32
448,Japura,-0.3167,102.35,overcast clouds,76.3,90,99,3.15,ID,2021-04-20 13:16:32
449,Methoni,36.8197,21.7049,scattered clouds,64.4,42,40,5.75,GR,2021-04-20 13:16:32
450,Hoa Binh,20.8133,105.3383,few clouds,82.4,83,20,12.66,VN,2021-04-20 13:16:33
451,La Ronge,55.1001,-105.2842,scattered clouds,21.2,79,40,4.61,CA,2021-04-20 13:16:33
452,Guiglo,6.5456,-7.4966,overcast clouds,92.91,47,90,3.94,CI,2021-04-20 13:16:33
453,Evensk,61.95,159.2333,overcast clouds,30.65,81,100,14.2,RU,2021-04-20 13:16:34
454,Tazovskiy,67.4667,78.7,clear sky,5.83,93,7,6.24,RU,2021-04-20 13:16:34
455,Shaunavon,49.6501,-108.4181,scattered clouds,21.2,86,31,8.05,CA,2021-04-20 13:16:34
456,College,64.8569,-147.8028,broken clouds,36.0,80,75,4.21,US,2021-04-20 13:16:35
457,Havoysund,70.9963,24.6622,clear sky,51.8,46,0,9.22,NO,2021-04-20 13:16:35
458,Belle Glade,26.6845,-80.6676,overcast clouds,75.99,89,97,4.0,US,2021-04-20 13:15:16
459,Manama,26.2154,50.5832,clear sky,91.4,22,0,6.91,BH,2021-04-20 13:15:31
460,Faya,18.3851,42.4509,scattered clouds,78.8,22,40,5.75,SA,2021-04-20 13:16:35
461,Vagamo,61.8751,9.0967,broken clouds,44.11,90,63,6.15,NO,2021-04-20 13:16:36
462,Santa Cruz,-17.8,-63.1667,broken clouds,75.2,88,75,3.44,BO,2021-04-20 13:15:04
463,Izmayil,45.3493,28.8408,few clouds,57.2,67,20,13.8,UA,2021-04-20 13:16:36
464,Tateyama,34.9833,139.8667,clear sky,64.4,59,0,1.14,JP,2021-04-20 13:16:36
465,Ongandjera,-17.8833,15.0667,clear sky,85.06,20,0,8.25,NA,2021-04-20 13:16:36
466,Bowen,-20.0167,148.2333,overcast clouds,73.4,78,90,5.75,AU,2021-04-20 13:16:37
467,Yerbogachen,61.2767,108.0108,overcast clouds,22.28,87,100,7.45,RU,2021-04-20 13:16:37
468,Kampene,-3.6,26.6667,moderate rain,76.17,93,100,2.44,CD,2021-04-20 13:16:37
469,Luderitz,-26.6481,15.1594,clear sky,78.03,49,0,8.59,NA,2021-04-20 13:16:38
470,Mayo,38.8876,-76.5119,clear sky,60.01,67,1,3.44,US,2021-04-20 13:16:38
471,Kaseda,31.4167,130.3167,clear sky,57.2,72,0,2.3,JP,2021-04-20 13:16:38
472,Hoquiam,46.9809,-123.8893,overcast clouds,50.0,87,90,1.66,US,2021-04-20 13:16:38
473,Plock,52.5468,19.7064,few clouds,62.6,36,20,4.61,PL,2021-04-20 13:16:39
474,Sabla,12.7525,4.7077,broken clouds,106.59,17,68,8.99,NG,2021-04-20 13:16:39
475,Vicksburg,32.3526,-90.8779,mist,59.0,100,1,2.91,US,2021-04-20 13:16:39
476,Buin,-33.7333,-70.75,mist,53.6,87,90,2.3,CL,2021-04-20 13:16:40
477,Kloulklubed,7.0419,134.2556,broken clouds,77.0,94,75,3.44,PW,2021-04-20 13:16:40
478,Harkany,45.85,18.2367,light rain,50.0,81,40,10.36,HU,2021-04-20 13:16:40
479,Montague,42.5356,-72.5351,overcast clouds,55.0,71,96,1.01,US,2021-04-20 13:16:40
480,Buraydah,26.326,43.975,clear sky,96.8,17,0,6.91,SA,2021-04-20 13:16:41
481,Abbeville,50.1,1.8333,clear sky,64.0,49,7,3.47,FR,2021-04-20 13:16:41
482,Mahon,39.8885,4.2658,few clouds,62.6,55,20,11.5,ES,2021-04-20 13:16:41
483,Cacoal,-11.4386,-61.4472,broken clouds,77.04,88,71,2.77,BR,2021-04-20 13:13:45
484,Northam,51.0333,-4.2167,overcast clouds,60.01,71,86,5.01,GB,2021-04-20 13:16:42
485,Albion,42.2431,-84.753,overcast clouds,34.0,69,90,3.44,US,2021-04-20 13:16:42
486,Bathsheba,13.2167,-59.5167,scattered clouds,84.2,54,40,21.85,BB,2021-04-20 13:16:42
487,Atar,20.5169,-13.0499,few clouds,80.6,24,17,13.8,MR,2021-04-20 13:16:43
488,Bandiagara,14.3501,-3.6104,clear sky,104.0,9,0,6.91,ML,2021-04-20 13:16:43
489,Kaiyuan,23.6977,103.3037,clear sky,69.78,42,0,7.85,CN,2021-04-20 13:16:43
490,Curitibanos,-27.2828,-50.5844,few clouds,63.57,63,13,2.46,BR,2021-04-20 13:16:43
491,Clyde River,70.4692,-68.5914,overcast clouds,5.0,85,90,4.61,CA,2021-04-20 13:16:44
492,San Vicente,-26.6167,-54.1333,clear sky,73.56,44,0,2.98,AR,2021-04-20 13:16:44
493,Lata,40.1629,-8.3327,broken clouds,66.99,63,75,11.5,PT,2021-04-20 13:16:44
494,Acarau,-2.8856,-40.12,broken clouds,82.06,72,70,4.68,BR,2021-04-20 13:16:45
495,Dali,25.7,100.1833,clear sky,61.52,39,0,8.48,CN,2021-04-20 13:16:45
496,Hay River,60.8156,-115.7999,clear sky,37.4,52,0,9.22,CA,2021-04-20 13:15:03
497,Awjilah,29.1081,21.2869,clear sky,78.21,14,3,12.24,LY,2021-04-20 13:16:45
498,Porto San Giorgio,43.1827,13.7934,overcast clouds,62.01,46,100,4.0,IT,2021-04-20 13:16:46
499,Laguna,38.421,-121.4238,clear sky,53.01,71,1,6.91,US,2021-04-20 13:16:46
500,Simi,9.5667,-12.35,broken clouds,100.87,36,55,1.63,SL,2021-04-20 13:16:46
501,Pingyi,35.5006,117.6308,light rain,57.33,49,100,14.32,CN,2021-04-20 13:16:47
502,Hasaki,35.7333,140.8333,few clouds,60.8,82,20,2.3,JP,2021-04-20 13:16:47
503,Halmstad,56.6745,12.8568,clear sky,60.8,36,0,10.36,SE,2021-04-20 13:16:15
504,Birjand,32.8663,59.2211,clear sky,78.8,10,0,9.22,IR,2021-04-20 13:16:47
505,Kimbe,-5.5502,150.1429,light rain,78.08,91,94,1.88,PG,2021-04-20 13:16:48
506,Panaba,21.2833,-88.2667,overcast clouds,79.23,82,100,8.59,MX,2021-04-20 13:16:48
507,Makakilo City,21.3469,-158.0858,broken clouds,73.4,73,75,5.75,US,2021-04-20 13:16:48
508,Hayden,47.766,-116.7866,clear sky,33.01,74,1,8.05,US,2021-04-20 13:16:42
509,Surt,31.2089,16.5887,clear sky,65.84,44,0,11.86,LY,2021-04-20 13:16:48
510,Wilmington,34.2257,-77.9447,clear sky,64.99,77,1,1.92,US,2021-04-20 13:12:10
511,Marawi,7.9986,124.2928,overcast clouds,79.0,84,100,4.0,PH,2021-04-20 13:16:49
512,Roanoke Rapids,36.4615,-77.6542,clear sky,51.8,100,1,5.75,US,2021-04-20 13:16:49
513,Moerai,-22.4333,-151.3333,broken clouds,76.82,67,61,15.93,PF,2021-04-20 13:16:49
514,Penzance,50.1186,-5.5371,few clouds,57.2,62,20,8.05,GB,2021-04-20 13:16:50
515,Inirida,3.8653,-67.9239,overcast clouds,80.91,73,100,1.77,CO,2021-04-20 13:16:50
516,Kenora,49.8167,-94.4337,overcast clouds,24.8,58,90,5.75,CA,2021-04-20 13:16:50
517,Nizwa,22.9333,57.5333,few clouds,96.21,9,21,7.83,OM,2021-04-20 13:16:51
518,Fuyu,45.1833,124.8167,few clouds,54.19,19,12,7.14,CN,2021-04-20 13:16:51
519,Bethel,41.3712,-73.414,clear sky,60.01,58,1,11.5,US,2021-04-20 13:16:51
520,Inuvik,68.3499,-133.7218,light snow,23.0,93,100,8.05,CA,2021-04-20 13:16:51
521,Male,4.1748,73.5089,few clouds,87.8,66,20,5.75,MV,2021-04-20 13:16:52
522,Tortoli,39.9256,9.6572,few clouds,68.0,45,20,4.61,IT,2021-04-20 13:16:52
523,Port Macquarie,-31.4333,152.9167,overcast clouds,55.0,98,100,5.28,AU,2021-04-20 13:12:11
524,Palia Kalan,28.45,80.5833,overcast clouds,93.34,11,100,6.11,IN,2021-04-20 13:16:52
525,Mubende,0.5606,31.39,overcast clouds,75.92,58,100,5.7,UG,2021-04-20 13:16:53
526,Vicuna,-30.0319,-70.7081,overcast clouds,57.2,94,90,3.56,CL,2021-04-20 13:16:53
527,Powell,40.1578,-83.0752,clear sky,46.0,61,1,4.61,US,2021-04-20 13:16:53
528,Lompoc,34.6391,-120.4579,broken clouds,50.0,87,53,9.22,US,2021-04-20 13:12:44
529,Jiayuguan,39.8167,98.3,overcast clouds,59.88,20,100,5.1,CN,2021-04-20 13:16:54
530,Alice Springs,-23.7,133.8833,clear sky,53.6,43,0,4.61,AU,2021-04-20 13:12:10
531,Belica,41.9569,23.5725,broken clouds,55.0,44,65,4.0,BG,2021-04-20 13:16:54
532,Esmeraldas,-19.7625,-44.3139,clear sky,77.0,44,0,6.91,BR,2021-04-20 13:16:54
533,Cayenne,4.9333,-52.3333,overcast clouds,78.8,89,90,5.12,GF,2021-04-20 13:16:54
534,Pontivy,48.0,-3.0,clear sky,64.99,42,0,5.75,FR,2021-04-20 13:16:55
535,Yaan,7.3833,8.5667,overcast clouds,95.11,37,100,6.58,NG,2021-04-20 13:16:55
536,Viedma,-40.8135,-62.9967,overcast clouds,69.31,65,100,17.9,AR,2021-04-20 13:16:55
537,Cabuyaro,4.2817,-72.794,overcast clouds,79.32,68,100,4.27,CO,2021-04-20 13:16:56
538,Qasigiannguit,68.8193,-51.1922,broken clouds,15.8,62,75,4.61,GL,2021-04-20 13:16:56
539,Zalantun,48.0,122.7167,few clouds,50.68,30,11,12.46,CN,2021-04-20 13:16:56
540,Esperance,-33.8667,121.9,overcast clouds,57.2,94,90,3.44,AU,2021-04-20 13:16:56
541,Zhuhai,22.2769,113.5678,light rain,75.2,83,20,12.66,CN,2021-04-20 13:16:57
542,Campbell River,50.0163,-125.2446,clear sky,46.99,81,1,8.05,CA,2021-04-20 13:16:57
543,Lyubim,58.3625,40.6843,overcast clouds,50.25,40,100,10.96,RU,2021-04-20 13:16:57
544,Yumen,40.2833,97.2,overcast clouds,60.96,19,100,3.33,CN,2021-04-20 13:16:58
545,Mandalgovi,45.7625,106.2708,overcast clouds,57.58,13,100,9.4,MN,2021-04-20 13:16:58
546,Onojo,33.5357,130.4786,clear sky,57.2,72,0,3.44,JP,2021-04-20 13:16:58
547,Matay,28.419,30.7792,clear sky,98.08,14,1,19.19,EG,2021-04-20 13:16:59
548,Porto Walter,-8.2686,-72.7439,scattered clouds,75.51,93,45,2.64,BR,2021-04-20 13:16:59
549,Mount Isa,-20.7333,139.5,few clouds,77.0,31,17,5.75,AU,2021-04-20 13:16:59
550,Santander,43.4647,-3.8044,scattered clouds,64.4,68,40,4.61,ES,2021-04-20 13:16:59
551,Mount Gambier,-37.8333,140.7667,scattered clouds,41.0,93,40,6.91,AU,2021-04-20 13:17:00
552,Bud,39.447,-86.1758,broken clouds,44.01,81,83,5.97,US,2021-04-20 13:17:00
553,Akyab,20.15,92.9,clear sky,82.06,78,0,13.09,MM,2021-04-20 13:17:00
554,Sadri,25.1833,73.4333,few clouds,91.99,16,20,11.16,IN,2021-04-20 13:17:00
555,San Martin,-33.081,-68.4681,few clouds,68.0,77,20,9.22,AR,2021-04-20 13:17:01
556,Krasnoye,49.9145,24.6134,broken clouds,57.99,50,75,6.71,UA,2021-04-20 13:17:01
557,Chanute,37.6792,-95.4572,snow,33.8,86,90,12.66,US,2021-04-20 13:13:33
558,Samdari,25.8167,72.5833,broken clouds,86.76,24,84,20.09,IN,2021-04-20 13:17:02
559,Emba,48.8264,58.1442,clear sky,44.74,27,0,19.46,KZ,2021-04-20 13:17:02
560,Egvekinot,66.3167,-179.1667,broken clouds,9.34,79,58,3.13,RU,2021-04-20 13:17:02
561,Solnechnyy,50.7214,136.6319,broken clouds,32.0,68,81,9.69,RU,2021-04-20 13:17:02
562,Aklavik,68.2191,-135.0107,snow,24.8,86,90,11.5,CA,2021-04-20 13:16:13
563,Ayr,55.4627,-4.6339,scattered clouds,51.8,71,40,6.91,GB,2021-04-20 13:17:03
564,San Luis,-33.295,-66.3356,few clouds,72.86,55,13,18.54,AR,2021-04-20 13:17:03
565,Beloha,-25.1667,45.05,scattered clouds,77.31,57,25,17.74,MG,2021-04-20 13:17:03
566,Qaqortoq,60.7167,-46.0333,broken clouds,39.2,45,75,3.44,GL,2021-04-20 13:17:04
567,Wamba,8.9333,8.6,overcast clouds,99.05,31,96,8.7,NG,2021-04-20 13:17:04
568,Atikokan,48.7555,-91.6216,scattered clouds,25.9,54,29,5.77,CA,2021-04-20 13:17:04
569,Gengenbach,48.4,8.0167,clear sky,64.0,55,0,4.61,DE,2021-04-20 13:17:05
570,Salalah,17.0151,54.0924,clear sky,86.0,74,0,10.36,OM,2021-04-20 13:17:05
571,Moba,33.2288,105.0179,overcast clouds,52.77,74,100,4.03,CN,2021-04-20 13:17:05
572,Am Timan,11.0297,20.2827,clear sky,106.54,12,6,2.71,TD,2021-04-20 13:17:06
573,Osorno,-40.5667,-73.15,overcast clouds,50.0,97,90,2.3,CL,2021-04-20 13:13:40
574,Rzhaksa,52.1338,42.0264,light rain,40.57,92,100,18.3,RU,2021-04-20 13:17:06
575,Sao Gabriel Da Cachoeira,-0.1303,-67.0892,broken clouds,78.8,94,75,3.44,BR,2021-04-20 13:17:06
576,Aljezur,37.3191,-8.8033,overcast clouds,65.59,65,100,11.43,PT,2021-04-20 13:14:14
577,Russell,32.3502,-85.1999,broken clouds,57.99,77,75,4.29,US,2021-04-20 13:17:07
578,Ketchikan,55.3422,-131.6461,clear sky,44.6,76,1,9.22,US,2021-04-20 13:15:38
579,Tomatlan,19.9333,-105.25,clear sky,63.3,74,5,3.06,MX,2021-04-20 13:17:07
580,Dzerzhinsk,56.2389,43.4631,clear sky,53.6,26,0,15.66,RU,2021-04-20 13:17:07
581,Yenagoa,4.9247,6.2642,overcast clouds,96.75,39,100,8.46,NG,2021-04-20 13:17:08
582,Zaplavnoye,48.7048,45.0229,light rain,59.0,94,75,22.37,RU,2021-04-20 13:17:08
583,Sioux City,42.5,-96.4003,clear sky,28.99,59,1,6.91,US,2021-04-20 13:16:45
584,Luba,3.4568,8.5547,few clouds,87.8,70,20,6.91,GQ,2021-04-20 13:17:09
585,San Carlos De Bariloche,-41.1456,-71.3082,scattered clouds,44.6,93,40,2.3,AR,2021-04-20 13:13:22
586,Eureka,40.8021,-124.1637,overcast clouds,50.0,98,100,8.99,US,2021-04-20 13:15:25
587,Wanaka,-44.7,169.15,broken clouds,51.01,84,68,3.36,NZ,2021-04-20 13:13:49
588,Tefe,-3.3542,-64.7114,scattered clouds,80.6,94,40,6.91,BR,2021-04-20 13:17:09
589,Puerto Del Rosario,28.5004,-13.8627,few clouds,73.4,64,20,17.27,ES,2021-04-20 13:17:09
590,Gizo,-8.103,156.8419,overcast clouds,83.32,74,100,5.68,SB,2021-04-20 13:17:10
591,Akkermanovka,51.2467,58.2391,clear sky,44.6,31,0,15.66,RU,2021-04-20 13:17:10
592,Aksarka,66.5606,67.7975,overcast clouds,26.85,87,96,2.84,RU,2021-04-20 13:17:10
593,Sikeston,36.8767,-89.5879,clear sky,44.6,81,1,8.05,US,2021-04-20 13:16:22
594,Coroico,-16.1889,-67.7271,few clouds,48.2,66,20,2.3,BO,2021-04-20 13:17:11
595,Coro,11.4045,-69.6734,overcast clouds,80.71,70,91,18.68,VE,2021-04-20 13:17:11
596,Njombe,-9.3333,34.7667,overcast clouds,63.82,78,100,8.3,TZ,2021-04-20 13:17:11
597,Sioux Lookout,50.1001,-91.917,overcast clouds,21.2,58,90,4.61,CA,2021-04-20 13:17:12
598,Bosaso,11.2842,49.1816,scattered clouds,82.4,89,40,18.41,SO,2021-04-20 13:17:12
599,Ugoofaaru,5.6667,73.0,overcast clouds,83.71,69,98,7.49,MV,2021-04-20 13:16:54
600,Pisco,-13.7,-76.2167,few clouds,68.0,77,11,6.91,PE,2021-04-20 13:17:12
601,Brazzaville,-4.2658,15.2832,few clouds,89.6,55,20,4.61,CG,2021-04-20 13:17:13
602,Hualmay,-11.0964,-77.6139,clear sky,68.9,82,6,8.86,PE,2021-04-20 13:17:13
603,Machiques,10.0644,-72.545,overcast clouds,83.28,57,100,2.15,VE,2021-04-20 13:17:13
604,Saint-Michel-Des-Saints,46.6834,-73.9159,overcast clouds,39.0,83,100,10.4,CA,2021-04-20 13:17:14
605,Lardos,36.0942,28.0157,few clouds,68.0,55,20,18.41,GR,2021-04-20 13:17:14
606,Jian,27.1172,114.9793,light rain,71.29,83,95,1.88,CN,2021-04-20 13:17:14
607,Novikovo,51.1537,37.8879,heavy intensity rain,49.26,87,100,15.86,RU,2021-04-20 13:17:14
608,Morondava,-20.2833,44.2833,overcast clouds,82.69,65,100,10.31,MG,2021-04-20 13:17:15
609,Kushiro,42.975,144.3747,clear sky,38.57,53,0,15.23,JP,2021-04-20 13:17:15
610,Inyonga,-6.7167,32.0667,overcast clouds,71.74,75,100,2.8,TZ,2021-04-20 13:17:15
611,Dapaong,10.8639,0.205,few clouds,101.14,25,12,6.06,TG,2021-04-20 13:17:15
612,Kudahuvadhoo,2.6708,72.8944,overcast clouds,83.01,65,100,7.0,MV,2021-04-20 13:17:16
613,Emerald,-23.5333,148.1667,overcast clouds,77.0,53,90,8.05,AU,2021-04-20 13:17:16
614,Kailua,21.4022,-157.7394,few clouds,73.4,83,20,3.29,US,2021-04-20 13:17:16
615,Hami,42.8,93.45,clear sky,70.39,22,4,2.21,CN,2021-04-20 13:17:17
616,Bukowno,50.2647,19.4596,overcast clouds,63.0,39,100,5.01,PL,2021-04-20 13:17:17
617,Rio Branco,-9.9747,-67.81,broken clouds,75.2,100,75,4.61,BR,2021-04-20 13:17:17
618,Zalaegerszeg,46.84,16.8439,broken clouds,50.0,81,75,4.61,HU,2021-04-20 13:17:17
619,Changde,29.0464,111.6783,overcast clouds,62.01,25,100,4.0,CN,2021-04-20 13:17:18
620,Nemuro,43.3236,145.575,clear sky,38.35,54,1,16.2,JP,2021-04-20 13:17:18
621,Basco,20.4487,121.9702,overcast clouds,76.03,80,100,31.38,PH,2021-04-20 13:17:18
622,Zeerust,-25.5369,26.0751,clear sky,77.0,29,0,8.05,ZA,2021-04-20 13:17:19
623,Nantucket,41.2835,-70.0995,clear sky,55.4,71,1,10.36,US,2021-04-20 13:16:46
624,Peniche,39.3558,-9.3811,overcast clouds,64.0,76,94,10.0,PT,2021-04-20 13:17:19
625,Livingstone,-17.8419,25.8543,clear sky,80.6,41,0,10.36,ZM,2021-04-20 13:17:19
626,Beboto,8.2668,16.939,overcast clouds,105.04,17,93,2.66,TD,2021-04-20 13:17:20
627,Westport,41.1415,-73.3579,clear sky,59.0,71,1,5.75,US,2021-04-20 13:16:30
628,Vacaria,-28.5122,-50.9339,clear sky,64.99,61,0,4.0,BR,2021-04-20 13:16:19
629,Mizdah,31.4451,12.9801,clear sky,73.96,20,0,8.39,LY,2021-04-20 13:17:20
630,Nishihara,26.1842,127.7558,broken clouds,69.8,64,75,13.8,JP,2021-04-20 13:17:20
631,Odweyne,9.4092,45.064,broken clouds,88.5,23,81,4.94,SO,2021-04-20 13:17:21
632,Praia,14.9215,-23.5087,broken clouds,80.6,50,75,24.16,CV,2021-04-20 13:17:21
633,Mahibadhoo,3.7833,72.9667,broken clouds,83.35,63,58,6.11,MV,2021-04-20 13:17:17
634,Beian,63.6559,9.5683,clear sky,57.2,47,0,18.41,NO,2021-04-20 13:17:21
635,Sao Joao Batista,-27.2761,-48.8494,clear sky,77.0,73,0,1.01,BR,2021-04-20 13:17:22
636,Barbastro,42.0356,0.1269,scattered clouds,63.0,48,40,6.91,ES,2021-04-20 13:17:22
637,Bastia,42.6667,9.3333,clear sky,62.6,42,0,11.5,FR,2021-04-20 13:17:22
638,Ereymentau,51.6199,73.1033,clear sky,28.8,34,0,9.75,KZ,2021-04-20 13:17:22
639,Sisimiut,66.9395,-53.6735,overcast clouds,25.63,61,99,6.67,GL,2021-04-20 13:17:23
640,Ouesso,1.6136,16.0517,broken clouds,96.31,35,64,4.63,CG,2021-04-20 13:17:23
641,Namuac,18.6109,121.1657,overcast clouds,76.44,88,100,17.85,PH,2021-04-20 13:17:23
642,Sokoni,-6.4333,39.55,light rain,86.0,70,40,13.8,TZ,2021-04-20 13:17:24
643,Sur,22.5667,59.5289,overcast clouds,86.41,42,86,7.52,OM,2021-04-20 13:16:32
644,Tres Arroyos,-38.3739,-60.2798,clear sky,64.9,71,0,17.65,AR,2021-04-20 13:17:24
645,Altay,47.8667,88.1167,light rain,42.58,87,100,5.17,CN,2021-04-20 13:17:24
646,Vuktyl,63.8567,57.3094,overcast clouds,43.07,71,100,7.72,RU,2021-04-20 13:17:25
647,North Bend,43.4065,-124.2243,overcast clouds,50.0,87,100,6.71,US,2021-04-20 13:17:25
648,Tiznit,29.5833,-9.5,clear sky,77.9,25,5,11.03,MA,2021-04-20 13:17:25
649,Ebebiyin,2.1511,11.3353,broken clouds,84.2,70,75,3.11,GQ,2021-04-20 13:17:25
650,Meulaboh,4.1363,96.1285,scattered clouds,80.76,75,32,4.94,ID,2021-04-20 13:17:26
651,Gull Lake,50.1001,-108.4847,clear sky,21.2,93,1,4.61,CA,2021-04-20 13:15:03
652,Erenhot,43.6475,111.9767,overcast clouds,65.86,12,100,7.72,CN,2021-04-20 13:17:26
653,Labuan,5.2767,115.2417,few clouds,78.8,89,20,2.3,MY,2021-04-20 13:17:26
654,Champerico,14.3,-91.9167,broken clouds,77.0,88,75,2.66,GT,2021-04-20 13:17:27
655,Chimbote,-9.0853,-78.5783,few clouds,68.49,81,13,6.11,PE,2021-04-20 13:17:27
656,Yongan,39.6957,113.6871,overcast clouds,57.45,51,100,11.32,CN,2021-04-20 13:17:27
657,Akcakoca,41.0866,31.1162,light rain,55.18,81,27,3.85,TR,2021-04-20 13:17:27
658,Zelenogradsk,54.9589,20.4767,clear sky,60.8,48,0,11.18,RU,2021-04-20 13:17:28
659,Port-Gentil,-0.7193,8.7815,few clouds,87.8,74,20,10.36,GA,2021-04-20 13:17:28
660,Rampur,28.8167,79.0333,overcast clouds,93.25,12,100,6.64,IN,2021-04-20 13:13:31
661,Maun,-19.9833,23.4167,few clouds,82.4,24,20,8.05,BW,2021-04-20 13:17:28
662,Mtambile,-5.3833,39.7,overcast clouds,79.47,79,92,18.19,TZ,2021-04-20 13:17:29
663,Vysokogornyy,50.1167,139.15,broken clouds,24.31,92,64,7.25,RU,2021-04-20 13:17:29
664,Aleppo,36.25,37.5,overcast clouds,89.65,20,100,21.03,SY,2021-04-20 13:17:29
665,Wajir,1.7471,40.0573,broken clouds,91.4,49,75,3.44,KE,2021-04-20 13:17:29
666,Komsomolskiy,40.4272,71.7189,overcast clouds,71.6,24,100,9.22,UZ,2021-04-20 13:17:30
667,Ossora,59.2353,163.0719,overcast clouds,27.36,98,100,3.76,RU,2021-04-20 13:17:30
668,Berehove,48.2056,22.6442,scattered clouds,59.0,49,50,3.0,UA,2021-04-20 13:17:30
669,Brae,60.3964,-1.353,few clouds,48.2,71,20,17.27,GB,2021-04-20 13:17:31
670,Danville,36.586,-79.395,clear sky,48.2,87,1,4.61,US,2021-04-20 13:17:31
671,Impfondo,1.6381,18.0667,overcast clouds,93.33,41,93,3.94,CG,2021-04-20 13:17:31
672,Seaford,50.7714,0.1027,scattered clouds,57.0,83,34,10.0,GB,2021-04-20 13:17:31
673,Port Shepstone,-30.7414,30.455,overcast clouds,70.38,73,100,8.88,ZA,2021-04-20 13:16:17
674,Sao Felix Do Xingu,-6.6447,-51.995,overcast clouds,72.72,97,100,1.81,BR,2021-04-20 13:17:32
675,Mecca,21.4267,39.8261,clear sky,97.93,22,7,14.99,SA,2021-04-20 13:17:32
676,Aranos,-24.1333,19.1167,clear sky,80.6,14,0,13.47,NA,2021-04-20 13:17:32
677,Ocampo,21.65,-101.5,light rain,52.38,31,97,5.53,MX,2021-04-20 13:17:33
678,Kadnikov,59.5022,40.338,clear sky,49.1,28,7,11.7,RU,2021-04-20 13:17:33
679,Myitkyina,25.3833,97.4,broken clouds,80.55,35,68,3.6,MM,2021-04-20 13:17:33
680,Alta,69.9689,23.2717,clear sky,50.0,43,0,14.97,NO,2021-04-20 13:17:34
681,Ribeira Brava,32.65,-17.0667,few clouds,66.99,88,19,1.97,PT,2021-04-20 13:17:34
682,Khani,41.9563,42.9566,overcast clouds,59.0,77,90,13.8,GE,2021-04-20 13:17:34
683,Ternate,0.8,127.4,overcast clouds,81.45,80,100,2.3,ID,2021-04-20 13:17:34
684,Luancheng,37.8792,114.6517,clear sky,55.4,82,0,6.71,CN,2021-04-20 13:17:35
685,Poum,-20.2333,164.0167,clear sky,77.63,78,6,10.58,NC,2021-04-20 13:17:35
686,Santa Lucia,27.9117,-15.5407,few clouds,73.0,60,20,29.93,ES,2021-04-20 13:17:35
687,Roma,43.2128,-75.4557,light rain,42.8,81,90,6.91,US,2021-04-20 13:12:49
688,Ojinaga,29.5667,-104.4167,clear sky,51.8,76,1,4.61,MX,2021-04-20 13:17:36
689,Burla,21.5,83.8667,haze,95.0,23,20,4.61,IN,2021-04-20 13:17:36
690,Chitral,35.8462,71.7858,light rain,56.93,62,100,4.32,PK,2021-04-20 13:17:36
691,Anif,47.75,13.0667,broken clouds,53.6,62,75,8.05,AT,2021-04-20 13:17:37
692,Tutoia,-2.7619,-42.2744,overcast clouds,83.35,67,98,1.5,BR,2021-04-20 13:17:37
693,Nevelsk,46.6733,141.8633,broken clouds,35.6,80,75,17.9,RU,2021-04-20 13:17:37
694,Kupang,-10.1667,123.5833,few clouds,76.57,82,19,5.75,ID,2021-04-20 13:17:37
695,Luena,-11.7833,19.9167,broken clouds,82.4,51,75,4.61,AO,2021-04-20 13:17:38
696,Olean,42.0776,-78.4297,overcast clouds,39.2,100,90,9.84,US,2021-04-20 13:17:38
697,Mizan Teferi,6.9833,35.5833,overcast clouds,81.7,35,100,1.74,ET,2021-04-20 13:17:38
698,New Waterford,40.8451,-80.6145,overcast clouds,46.0,60,100,1.99,US,2021-04-20 13:17:39
699,Lubao,14.9167,120.55,broken clouds,82.4,78,75,4.61,PH,2021-04-20 13:17:39
700,Olinda,-8.0089,-34.8553,broken clouds,80.6,74,75,8.05,BR,2021-04-20 13:17:39
701,Tacuarembo,-31.7333,-55.9833,clear sky,67.14,69,0,12.12,UY,2021-04-20 13:17:40
702,Khash,28.2211,61.2158,clear sky,79.48,11,1,21.0,IR,2021-04-20 13:17:40
703,Port Augusta,-32.5,137.7667,overcast clouds,59.0,67,90,8.05,AU,2021-04-20 13:17:40
704,Lixourion,38.2019,20.4314,scattered clouds,60.8,67,40,9.22,GR,2021-04-20 13:17:40
705,Vila,42.0304,-8.1588,overcast clouds,60.01,76,90,11.99,PT,2021-04-20 13:17:41
706,Phangnga,8.4509,98.5298,few clouds,80.6,89,20,3.44,TH,2021-04-20 13:17:41
